{
    "void": {
        "TP": 17812877072.0,
        "FP": 67791681.0,
        "FN": 78865318.0,
        "IoU": 0.9918340309709475
    },
    "s_w_d": {
        "TP": 51008710.0,
        "FP": 20840344.0,
        "FN": 14204560.0,
        "IoU": 0.5927550003884787
    },
    "b_w_g": {
        "TP": 15179491.0,
        "FP": 6291555.0,
        "FN": 9373525.0,
        "IoU": 0.4921284526862118
    },
    "s_w_s": {
        "TP": 4949185.0,
        "FP": 5970326.0,
        "FN": 2076395.0,
        "IoU": 0.38082646950508875
    },
    "c_wy_z": {
        "TP": 59169034.0,
        "FP": 26245638.0,
        "FN": 14755678.0,
        "IoU": 0.5906841096192635
    },
    "a_w_t": {
        "TP": 4003585.0,
        "FP": 1131546.0,
        "FN": 1210955.0,
        "IoU": 0.630874684017834
    },
    "a_w_tl": {
        "TP": 1714314.0,
        "FP": 463743.0,
        "FN": 360623.0,
        "IoU": 0.6752777033734066
    },
    "a_w_tr": {
        "TP": 4088468.0,
        "FP": 1433666.0,
        "FN": 1164850.0,
        "IoU": 0.6114068764034728
    },
    "a_w_l": {
        "TP": 5831181.0,
        "FP": 1152232.0,
        "FN": 2094327.0,
        "IoU": 0.6423604333237127
    },
    "a_w_r": {
        "TP": 697294.0,
        "FP": 314853.0,
        "FN": 286818.0,
        "IoU": 0.536807381261235
    },
    "ds_y_dn": {
        "TP": 11196469.0,
        "FP": 4814282.0,
        "FN": 2304661.0,
        "IoU": 0.6113140670818653
    },
    "s_w_p": {
        "TP": 2782419.0,
        "FP": 2000721.0,
        "FN": 2007266.0,
        "IoU": 0.4097573841681926
    },
    "s_y_d": {
        "TP": 9527989.0,
        "FP": 4003238.0,
        "FN": 1738527.0,
        "IoU": 0.6239778977447836
    },
    "b_n_sr": {
        "TP": 24871.0,
        "FP": 48046.0,
        "FN": 50562.0,
        "IoU": 0.20141886474623216
    },
    "om_n_n": {
        "TP": 1147961.0,
        "FP": 774145.0,
        "FN": 396823.0,
        "IoU": 0.4950393047825095
    },
    "r_wy_np": {
        "TP": 1984345.0,
        "FP": 2390446.0,
        "FN": 812269.0,
        "IoU": 0.3825567855394
    },
    "b_y_g": {
        "TP": 1091436.0,
        "FP": 289031.0,
        "FN": 317543.0,
        "IoU": 0.6427735996843363
    },
    "a_w_lr": {
        "TP": 11284.0,
        "FP": 29557.0,
        "FN": 20187.0,
        "IoU": 0.1848987350068821
    }
}