{
    "void": {
        "TP": 156231580597.0,
        "FP": 546790423.0,
        "FN": 904446008.0,
        "IoU": 0.9907964833559366
    },
    "s_w_d": {
        "TP": 483263456.0,
        "FP": 178722838.0,
        "FN": 96160507.0,
        "IoU": 0.637427283690405
    },
    "s_y_d": {
        "TP": 136866175.0,
        "FP": 32108882.0,
        "FN": 18745894.0,
        "IoU": 0.7290937653517428
    },
    "ds_y_dn": {
        "TP": 223505695.0,
        "FP": 77396350.0,
        "FN": 18947712.0,
        "IoU": 0.6987833822240483
    },
    "b_w_g": {
        "TP": 164189481.0,
        "FP": 80712166.0,
        "FN": 63621538.0,
        "IoU": 0.5321787437141879
    },
    "b_y_g": {
        "TP": 1545612.0,
        "FP": 1130599.0,
        "FN": 176404.0,
        "IoU": 0.541822853767508
    },
    "s_w_s": {
        "TP": 84673767.0,
        "FP": 32757421.0,
        "FN": 62304198.0,
        "IoU": 0.47110237379744463
    },
    "s_w_p": {
        "TP": 14892270.0,
        "FP": 8133753.0,
        "FN": 11348174.0,
        "IoU": 0.4332397932088421
    },
    "c_wy_z": {
        "TP": 759587219.0,
        "FP": 285593874.0,
        "FN": 152769083.0,
        "IoU": 0.6340724632941662
    },
    "a_w_t": {
        "TP": 121309016.0,
        "FP": 38996485.0,
        "FN": 25434842.0,
        "IoU": 0.6531107568806417
    },
    "a_w_tl": {
        "TP": 44276016.0,
        "FP": 9514631.0,
        "FN": 11691916.0,
        "IoU": 0.676149710267144
    },
    "a_w_tr": {
        "TP": 150332665.0,
        "FP": 52286177.0,
        "FN": 26040074.0,
        "IoU": 0.6574537640159197
    },
    "a_w_l": {
        "TP": 171056051.0,
        "FP": 37138184.0,
        "FN": 34596326.0,
        "IoU": 0.7045416028343869
    },
    "a_w_r": {
        "TP": 27153992.0,
        "FP": 7368241.0,
        "FN": 13955278.0,
        "IoU": 0.5601358535094758
    },
    "a_w_lr": {
        "TP": 44521.0,
        "FP": 56066.0,
        "FN": 27560.0,
        "IoU": 0.3474213208268629
    },
    "b_n_sr": {
        "TP": 1148811.0,
        "FP": 1334907.0,
        "FN": 2877667.0,
        "IoU": 0.21427504273615866
    },
    "r_wy_np": {
        "TP": 46994451.0,
        "FP": 31897402.0,
        "FN": 7732514.0,
        "IoU": 0.5425084491526501
    },
    "om_n_n": {
        "TP": 36610385.0,
        "FP": 12510098.0,
        "FN": 11950695.0,
        "IoU": 0.5994707519805824
    }
}