{
    "void": {
        "TP": 17809085296.0,
        "FP": 70632768.0,
        "FN": 82657094.0,
        "IoU": 0.9914660583218179
    },
    "s_w_d": {
        "TP": 50201696.0,
        "FP": 27440440.0,
        "FN": 15011574.0,
        "IoU": 0.5418206783085102
    },
    "s_y_d": {
        "TP": 6746739.0,
        "FP": 4536533.0,
        "FN": 4519777.0,
        "IoU": 0.4269264114792025
    },
    "ds_y_dn": {
        "TP": 3464467.0,
        "FP": 1959508.0,
        "FN": 10036663.0,
        "IoU": 0.22408305530470346
    },
    "b_w_g": {
        "TP": 14520186.0,
        "FP": 8059894.0,
        "FN": 10032830.0,
        "IoU": 0.4452281627122511
    },
    "b_y_g": {
        "TP": 1212129.0,
        "FP": 487366.0,
        "FN": 196850.0,
        "IoU": 0.6391922355900429
    },
    "s_w_s": {
        "TP": 3695116.0,
        "FP": 2749442.0,
        "FN": 3330464.0,
        "IoU": 0.3780161313191929
    },
    "s_w_p": {
        "TP": 2057975.0,
        "FP": 1799787.0,
        "FN": 2731710.0,
        "IoU": 0.31231257982430155
    },
    "c_wy_z": {
        "TP": 56982484.0,
        "FP": 34534827.0,
        "FN": 16942228.0,
        "IoU": 0.5253801051099802
    },
    "a_w_t": {
        "TP": 1778108.0,
        "FP": 1058852.0,
        "FN": 3436432.0,
        "IoU": 0.283436456704762
    },
    "a_w_tl": {
        "TP": 447313.0,
        "FP": 118928.0,
        "FN": 1627624.0,
        "IoU": 0.20389267343250383
    },
    "a_w_tr": {
        "TP": 1982765.0,
        "FP": 1068703.0,
        "FN": 3270553.0,
        "IoU": 0.31362834764389425
    },
    "a_w_l": {
        "TP": 3545438.0,
        "FP": 2210209.0,
        "FN": 4380070.0,
        "IoU": 0.34979646728494884
    },
    "a_w_r": {
        "TP": 73690.0,
        "FP": 69886.0,
        "FN": 910422.0,
        "IoU": 0.06991474367124036
    },
    "a_w_lr": {
        "TP": 0.0,
        "FP": 0.0,
        "FN": 31471.0,
        "IoU": 0.0
    },
    "b_n_sr": {
        "TP": 0.0,
        "FP": 0.0,
        "FN": 75433.0,
        "IoU": 0.0
    },
    "r_wy_np": {
        "TP": 1317674.0,
        "FP": 1225457.0,
        "FN": 1478940.0,
        "IoU": 0.3276108253683239
    },
    "om_n_n": {
        "TP": 520917.0,
        "FP": 228025.0,
        "FN": 1023867.0,
        "IoU": 0.29383706874231796
    }
}