{
    "void": {
        "TP": 156060396323.0,
        "FP": 511494903.0,
        "FN": 1075630282.0,
        "IoU": 0.9899324444189282
    },
    "s_w_d": {
        "TP": 481977158.0,
        "FP": 196276890.0,
        "FN": 97446805.0,
        "IoU": 0.6213441124061778
    },
    "s_y_d": {
        "TP": 132913498.0,
        "FP": 28107625.0,
        "FN": 22698571.0,
        "IoU": 0.7234580850107447
    },
    "ds_y_dn": {
        "TP": 222584244.0,
        "FP": 94999695.0,
        "FN": 19869163.0,
        "IoU": 0.6596005272460053
    },
    "b_w_g": {
        "TP": 161739593.0,
        "FP": 90067236.0,
        "FN": 66071426.0,
        "IoU": 0.5088098681050077
    },
    "b_y_g": {
        "TP": 1438281.0,
        "FP": 555747.0,
        "FN": 283735.0,
        "IoU": 0.6314445357133293
    },
    "s_w_s": {
        "TP": 103064074.0,
        "FP": 71548996.0,
        "FN": 43913891.0,
        "IoU": 0.4716309307024134
    },
    "s_w_p": {
        "TP": 14526854.0,
        "FP": 10519139.0,
        "FN": 11713590.0,
        "IoU": 0.3951854948953039
    },
    "c_wy_z": {
        "TP": 782513020.0,
        "FP": 348233967.0,
        "FN": 129843282.0,
        "IoU": 0.6207512775905777
    },
    "a_w_t": {
        "TP": 114798519.0,
        "FP": 27502427.0,
        "FN": 31945339.0,
        "IoU": 0.6588290763272227
    },
    "a_w_tl": {
        "TP": 50032720.0,
        "FP": 20268348.0,
        "FN": 5935212.0,
        "IoU": 0.6562849079204809
    },
    "a_w_tr": {
        "TP": 151226827.0,
        "FP": 48700465.0,
        "FN": 25145912.0,
        "IoU": 0.6719006274953992
    },
    "a_w_l": {
        "TP": 176305587.0,
        "FP": 47883432.0,
        "FN": 29346790.0,
        "IoU": 0.695387321007582
    },
    "a_w_r": {
        "TP": 28012387.0,
        "FP": 12282602.0,
        "FN": 13096883.0,
        "IoU": 0.5246563933926123
    },
    "a_w_lr": {
        "TP": 0.0,
        "FP": 0.0,
        "FN": 72081.0,
        "IoU": 0.0
    },
    "b_n_sr": {
        "TP": 1496690.0,
        "FP": 2024841.0,
        "FN": 2529788.0,
        "IoU": 0.2473328542091402
    },
    "r_wy_np": {
        "TP": 39208047.0,
        "FP": 20339413.0,
        "FN": 15518918.0,
        "IoU": 0.5223116932589981
    },
    "om_n_n": {
        "TP": 37957182.0,
        "FP": 17245699.0,
        "FN": 10603898.0,
        "IoU": 0.5767974451385928
    }
}