{
    "void": {
        "TP": 17705022491.0,
        "FP": 42802020.0,
        "FN": 186719899.0,
        "IoU": 0.9872022442414526
    },
    "s_w_d": {
        "TP": 57945505.0,
        "FP": 69316800.0,
        "FN": 7267765.0,
        "IoU": 0.43072530178569
    },
    "s_y_d": {
        "TP": 5493337.0,
        "FP": 5795101.0,
        "FN": 5773179.0,
        "IoU": 0.3219704791169559
    },
    "ds_y_dn": {
        "TP": 3531301.0,
        "FP": 3462702.0,
        "FN": 9969829.0,
        "IoU": 0.2081664685196128
    },
    "b_w_g": {
        "TP": 17208194.0,
        "FP": 21673153.0,
        "FN": 7344822.0,
        "IoU": 0.37226087240757505
    },
    "b_y_g": {
        "TP": 1269497.0,
        "FP": 1007476.0,
        "FN": 139482.0,
        "IoU": 0.5253551173102747
    },
    "s_w_s": {
        "TP": 4343611.0,
        "FP": 6586852.0,
        "FN": 2681969.0,
        "IoU": 0.3190914746167327
    },
    "s_w_p": {
        "TP": 2706441.0,
        "FP": 4077704.0,
        "FN": 2083244.0,
        "IoU": 0.30521284224702444
    },
    "c_wy_z": {
        "TP": 64193320.0,
        "FP": 72451983.0,
        "FN": 9731392.0,
        "IoU": 0.43854877308167123
    },
    "a_w_t": {
        "TP": 1947558.0,
        "FP": 2480499.0,
        "FN": 3266982.0,
        "IoU": 0.25309267438410643
    },
    "a_w_tl": {
        "TP": 641602.0,
        "FP": 599678.0,
        "FN": 1433335.0,
        "IoU": 0.23988574056452985
    },
    "a_w_tr": {
        "TP": 2172729.0,
        "FP": 1758724.0,
        "FN": 3080589.0,
        "IoU": 0.30985681489072653
    },
    "a_w_l": {
        "TP": 3853941.0,
        "FP": 4457908.0,
        "FN": 4071567.0,
        "IoU": 0.31121792242140617
    },
    "a_w_r": {
        "TP": 119870.0,
        "FP": 143277.0,
        "FN": 864242.0,
        "IoU": 0.10632532337995138
    },
    "a_w_lr": {
        "TP": 0.0,
        "FP": 0.0,
        "FN": 31471.0,
        "IoU": 0.0
    },
    "b_n_sr": {
        "TP": 0.0,
        "FP": 0.0,
        "FN": 75433.0,
        "IoU": 0.0
    },
    "r_wy_np": {
        "TP": 1710709.0,
        "FP": 3345870.0,
        "FN": 1085905.0,
        "IoU": 0.2785044291527662
    },
    "om_n_n": {
        "TP": 675455.0,
        "FP": 567050.0,
        "FN": 869329.0,
        "IoU": 0.3198428474965362
    }
}