{
    "void": {
        "TP": 17150025243.0,
        "FP": 67667810.0,
        "FN": 741717147.0,
        "IoU": 0.9549325424395062
    },
    "s_w_d": {
        "TP": 36751618.0,
        "FP": 39904893.0,
        "FN": 28461652.0,
        "IoU": 0.3496219582908807
    },
    "s_y_d": {
        "TP": 7025227.0,
        "FP": 5170330.0,
        "FN": 4241289.0,
        "IoU": 0.42740724102422084
    },
    "ds_y_dn": {
        "TP": 9254663.0,
        "FP": 7692295.0,
        "FN": 4246467.0,
        "IoU": 0.43667613894403573
    },
    "b_w_g": {
        "TP": 10171923.0,
        "FP": 10851566.0,
        "FN": 14381093.0,
        "IoU": 0.2873052702613464
    },
    "b_y_g": {
        "TP": 802219.0,
        "FP": 568872.0,
        "FN": 606760.0,
        "IoU": 0.40560133195068787
    },
    "s_w_s": {
        "TP": 2437340.0,
        "FP": 5008651.0,
        "FN": 4588240.0,
        "IoU": 0.20253392177697105
    },
    "s_w_p": {
        "TP": 1963600.0,
        "FP": 4106059.0,
        "FN": 2826085.0,
        "IoU": 0.22073476934588046
    },
    "c_wy_z": {
        "TP": 44650707.0,
        "FP": 39449384.0,
        "FN": 29274005.0,
        "IoU": 0.3938351755413335
    },
    "a_w_t": {
        "TP": 2934273.0,
        "FP": 2347364.0,
        "FN": 2280267.0,
        "IoU": 0.3880336222200123
    },
    "a_w_tl": {
        "TP": 1335235.0,
        "FP": 494026.0,
        "FN": 739702.0,
        "IoU": 0.5197564153317895
    },
    "a_w_tr": {
        "TP": 2400996.0,
        "FP": 1375856.0,
        "FN": 2852322.0,
        "IoU": 0.36218629952992637
    },
    "a_w_l": {
        "TP": 4712399.0,
        "FP": 2083763.0,
        "FN": 3213109.0,
        "IoU": 0.47080341815103216
    },
    "a_w_r": {
        "TP": 405104.0,
        "FP": 409485.0,
        "FN": 579008.0,
        "IoU": 0.29068948914212644
    },
    "a_w_lr": {
        "TP": 8.0,
        "FP": 12.0,
        "FN": 31463.0,
        "IoU": 0.0002541053902105898
    },
    "b_n_sr": {
        "TP": 6520.0,
        "FP": 23934.0,
        "FN": 68913.0,
        "IoU": 0.06561534513470267
    },
    "r_wy_np": {
        "TP": 1262908.0,
        "FP": 835217.0,
        "FN": 1533706.0,
        "IoU": 0.3477331406665123
    },
    "om_n_n": {
        "TP": 563557.0,
        "FP": 400567.0,
        "FN": 981227.0,
        "IoU": 0.2896942505491297
    }
}