{
    "void": {
        "TP": 17837115245.0,
        "FP": 92320802.0,
        "FN": 54627145.0,
        "IoU": 0.9918289907330081
    },
    "s_w_d": {
        "TP": 44773584.0,
        "FP": 17268071.0,
        "FN": 20439686.0,
        "IoU": 0.5428328814392094
    },
    "s_y_d": {
        "TP": 4097607.0,
        "FP": 1300542.0,
        "FN": 7168909.0,
        "IoU": 0.32605936886739917
    },
    "ds_y_dn": {
        "TP": 2550523.0,
        "FP": 797980.0,
        "FN": 10950607.0,
        "IoU": 0.17836935305763785
    },
    "b_w_g": {
        "TP": 12064327.0,
        "FP": 3606194.0,
        "FN": 12488689.0,
        "IoU": 0.4284327223668562
    },
    "b_y_g": {
        "TP": 1012982.0,
        "FP": 218101.0,
        "FN": 395997.0,
        "IoU": 0.6225766403618752
    },
    "s_w_s": {
        "TP": 2774425.0,
        "FP": 1304488.0,
        "FN": 4251155.0,
        "IoU": 0.3330615068208327
    },
    "s_w_p": {
        "TP": 1987232.0,
        "FP": 1619380.0,
        "FN": 2802453.0,
        "IoU": 0.3100658208334601
    },
    "c_wy_z": {
        "TP": 55042895.0,
        "FP": 29610185.0,
        "FN": 18881817.0,
        "IoU": 0.5316361593521458
    },
    "a_w_t": {
        "TP": 1203912.0,
        "FP": 356765.0,
        "FN": 4010628.0,
        "IoU": 0.21609156203079888
    },
    "a_w_tl": {
        "TP": 402454.0,
        "FP": 142259.0,
        "FN": 1672483.0,
        "IoU": 0.18151485028838227
    },
    "a_w_tr": {
        "TP": 1166142.0,
        "FP": 328280.0,
        "FN": 4087176.0,
        "IoU": 0.20892618923827908
    },
    "a_w_l": {
        "TP": 3069149.0,
        "FP": 2045453.0,
        "FN": 4856359.0,
        "IoU": 0.3078087458169779
    },
    "a_w_r": {
        "TP": 74770.0,
        "FP": 14911.0,
        "FN": 909342.0,
        "IoU": 0.07484312172993014
    },
    "a_w_lr": {
        "TP": 0.0,
        "FP": 0.0,
        "FN": 31471.0,
        "IoU": 0.0
    },
    "b_n_sr": {
        "TP": 1594.0,
        "FP": 768.0,
        "FN": 73839.0,
        "IoU": 0.02091836065143502
    },
    "r_wy_np": {
        "TP": 923490.0,
        "FP": 514779.0,
        "FN": 1873124.0,
        "IoU": 0.27888263338117825
    },
    "om_n_n": {
        "TP": 371743.0,
        "FP": 85284.0,
        "FN": 1173041.0,
        "IoU": 0.22805367628835116
    }
}