{
    "void": {
        "TP": 17843941823.0,
        "FP": 89859538.0,
        "FN": 47800567.0,
        "IoU": 0.9923443914757315
    },
    "s_w_d": {
        "TP": 46637774.0,
        "FP": 18334706.0,
        "FN": 18575496.0,
        "IoU": 0.5582154856749612
    },
    "s_y_d": {
        "TP": 5635047.0,
        "FP": 2934965.0,
        "FN": 5631469.0,
        "IoU": 0.39679291195052124
    },
    "ds_y_dn": {
        "TP": 2673356.0,
        "FP": 841820.0,
        "FN": 10827774.0,
        "IoU": 0.18638815585357266
    },
    "b_w_g": {
        "TP": 12560154.0,
        "FP": 3671276.0,
        "FN": 11992862.0,
        "IoU": 0.4450121902083496
    },
    "b_y_g": {
        "TP": 1131474.0,
        "FP": 260613.0,
        "FN": 277505.0,
        "IoU": 0.6776949098941538
    },
    "s_w_s": {
        "TP": 3056079.0,
        "FP": 1532229.0,
        "FN": 3969501.0,
        "IoU": 0.3571099799025662
    },
    "s_w_p": {
        "TP": 1897093.0,
        "FP": 1196771.0,
        "FN": 2892592.0,
        "IoU": 0.316897509979193
    },
    "c_wy_z": {
        "TP": 51263029.0,
        "FP": 19366558.0,
        "FN": 22661683.0,
        "IoU": 0.5494943846299873
    },
    "a_w_t": {
        "TP": 1595336.0,
        "FP": 772979.0,
        "FN": 3619204.0,
        "IoU": 0.26644358038780336
    },
    "a_w_tl": {
        "TP": 380062.0,
        "FP": 90779.0,
        "FN": 1694875.0,
        "IoU": 0.17549023048266715
    },
    "a_w_tr": {
        "TP": 1612546.0,
        "FP": 598053.0,
        "FN": 3640772.0,
        "IoU": 0.2755843032342335
    },
    "a_w_l": {
        "TP": 3234625.0,
        "FP": 1968966.0,
        "FN": 4690883.0,
        "IoU": 0.3269122744675462
    },
    "a_w_r": {
        "TP": 91978.0,
        "FP": 21263.0,
        "FN": 892134.0,
        "IoU": 0.09148626134526917
    },
    "a_w_lr": {
        "TP": 0.0,
        "FP": 0.0,
        "FN": 31471.0,
        "IoU": 0.0
    },
    "b_n_sr": {
        "TP": 1209.0,
        "FP": 747.0,
        "FN": 74224.0,
        "IoU": 0.015870307167235496
    },
    "r_wy_np": {
        "TP": 947256.0,
        "FP": 561441.0,
        "FN": 1849358.0,
        "IoU": 0.282084718683881
    },
    "om_n_n": {
        "TP": 444596.0,
        "FP": 136734.0,
        "FN": 1100188.0,
        "IoU": 0.2644015704857159
    }
}