{
    "void": {
        "TP": 17702728702.0,
        "FP": 50057562.0,
        "FN": 189013688.0,
        "IoU": 0.9866751802695609
    },
    "s_w_d": {
        "TP": 56958122.0,
        "FP": 68125787.0,
        "FN": 8255148.0,
        "IoU": 0.42716757776380554
    },
    "s_y_d": {
        "TP": 5299543.0,
        "FP": 5258226.0,
        "FN": 5966973.0,
        "IoU": 0.3207035244483696
    },
    "ds_y_dn": {
        "TP": 3872932.0,
        "FP": 4064644.0,
        "FN": 9628198.0,
        "IoU": 0.22048171631947444
    },
    "b_w_g": {
        "TP": 16652809.0,
        "FP": 25294467.0,
        "FN": 7900207.0,
        "IoU": 0.3340752230157739
    },
    "b_y_g": {
        "TP": 1327099.0,
        "FP": 1327475.0,
        "FN": 81880.0,
        "IoU": 0.48497033021567326
    },
    "s_w_s": {
        "TP": 4231069.0,
        "FP": 6461185.0,
        "FN": 2794511.0,
        "IoU": 0.313720080389923
    },
    "s_w_p": {
        "TP": 2999717.0,
        "FP": 5595953.0,
        "FN": 1789968.0,
        "IoU": 0.28883319445565114
    },
    "c_wy_z": {
        "TP": 61569308.0,
        "FP": 68201391.0,
        "FN": 12355404.0,
        "IoU": 0.4332019713507518
    },
    "a_w_t": {
        "TP": 1813613.0,
        "FP": 2105456.0,
        "FN": 3400927.0,
        "IoU": 0.2477614741865979
    },
    "a_w_tl": {
        "TP": 447297.0,
        "FP": 368379.0,
        "FN": 1627640.0,
        "IoU": 0.18306964797021752
    },
    "a_w_tr": {
        "TP": 1705958.0,
        "FP": 1415545.0,
        "FN": 3547360.0,
        "IoU": 0.25580942358539976
    },
    "a_w_l": {
        "TP": 3929482.0,
        "FP": 6559798.0,
        "FN": 3996026.0,
        "IoU": 0.27127366173693535
    },
    "a_w_r": {
        "TP": 141220.0,
        "FP": 196262.0,
        "FN": 842892.0,
        "IoU": 0.11964004629041304
    },
    "a_w_lr": {
        "TP": 0.0,
        "FP": 0.0,
        "FN": 31471.0,
        "IoU": 0.0
    },
    "b_n_sr": {
        "TP": 0.0,
        "FP": 0.0,
        "FN": 75433.0,
        "IoU": 0.0
    },
    "r_wy_np": {
        "TP": 1602126.0,
        "FP": 3320720.0,
        "FN": 1194488.0,
        "IoU": 0.2618993829665014
    },
    "om_n_n": {
        "TP": 634627.0,
        "FP": 629981.0,
        "FN": 910157.0,
        "IoU": 0.2918140580706421
    }
}