{
    "void": {
        "TP": 17846863647.0,
        "FP": 95117624.0,
        "FN": 44878743.0,
        "IoU": 0.9922167422834761
    },
    "s_w_d": {
        "TP": 43871814.0,
        "FP": 17291831.0,
        "FN": 21341456.0,
        "IoU": 0.531746685577659
    },
    "s_y_d": {
        "TP": 4918603.0,
        "FP": 2252879.0,
        "FN": 6347913.0,
        "IoU": 0.36381827737113975
    },
    "ds_y_dn": {
        "TP": 2780659.0,
        "FP": 884479.0,
        "FN": 10720471.0,
        "IoU": 0.19329449312851477
    },
    "b_w_g": {
        "TP": 11787764.0,
        "FP": 3248767.0,
        "FN": 12765252.0,
        "IoU": 0.42399309425586124
    },
    "b_y_g": {
        "TP": 1046388.0,
        "FP": 311595.0,
        "FN": 362591.0,
        "IoU": 0.6081621598373566
    },
    "s_w_s": {
        "TP": 3402052.0,
        "FP": 1932317.0,
        "FN": 3623528.0,
        "IoU": 0.37978244224062857
    },
    "s_w_p": {
        "TP": 1961455.0,
        "FP": 1347968.0,
        "FN": 2828230.0,
        "IoU": 0.31957736939510917
    },
    "c_wy_z": {
        "TP": 48009987.0,
        "FP": 19064386.0,
        "FN": 25914725.0,
        "IoU": 0.5162969426803129
    },
    "a_w_t": {
        "TP": 1315676.0,
        "FP": 588492.0,
        "FN": 3898864.0,
        "IoU": 0.22672216868698983
    },
    "a_w_tl": {
        "TP": 530861.0,
        "FP": 440394.0,
        "FN": 1544076.0,
        "IoU": 0.21105015602320332
    },
    "a_w_tr": {
        "TP": 1953056.0,
        "FP": 1182927.0,
        "FN": 3300262.0,
        "IoU": 0.3034464971423555
    },
    "a_w_l": {
        "TP": 3159496.0,
        "FP": 2228444.0,
        "FN": 4766012.0,
        "IoU": 0.31115924124912153
    },
    "a_w_r": {
        "TP": 110593.0,
        "FP": 55844.0,
        "FN": 873519.0,
        "IoU": 0.10634392224286413
    },
    "a_w_lr": {
        "TP": 0.0,
        "FP": 0.0,
        "FN": 31471.0,
        "IoU": 0.0
    },
    "b_n_sr": {
        "TP": 6500.0,
        "FP": 9156.0,
        "FN": 68933.0,
        "IoU": 0.07684214259537292
    },
    "r_wy_np": {
        "TP": 1003382.0,
        "FP": 487609.0,
        "FN": 1793232.0,
        "IoU": 0.30551579475571544
    },
    "om_n_n": {
        "TP": 475957.0,
        "FP": 167282.0,
        "FN": 1068827.0,
        "IoU": 0.27800154900570423
    }
}