{
    "void": {
        "TP": 17847738969.0,
        "FP": 93098406.0,
        "FN": 44003421.0,
        "IoU": 0.992376811751901
    },
    "s_w_d": {
        "TP": 45000915.0,
        "FP": 18525108.0,
        "FN": 20212355.0,
        "IoU": 0.5373989331391157
    },
    "s_y_d": {
        "TP": 4387495.0,
        "FP": 1750443.0,
        "FN": 6879021.0,
        "IoU": 0.3370599077710854
    },
    "ds_y_dn": {
        "TP": 3037410.0,
        "FP": 1174367.0,
        "FN": 10463720.0,
        "IoU": 0.20697152539365446
    },
    "b_w_g": {
        "TP": 11738856.0,
        "FP": 3710438.0,
        "FN": 12814160.0,
        "IoU": 0.41533692237332354
    },
    "b_y_g": {
        "TP": 1183863.0,
        "FP": 523243.0,
        "FN": 225116.0,
        "IoU": 0.6126951250943214
    },
    "s_w_s": {
        "TP": 3139896.0,
        "FP": 1648512.0,
        "FN": 3885684.0,
        "IoU": 0.3619855542228512
    },
    "s_w_p": {
        "TP": 794892.0,
        "FP": 142975.0,
        "FN": 3994793.0,
        "IoU": 0.1611487513836348
    },
    "c_wy_z": {
        "TP": 48272216.0,
        "FP": 17211556.0,
        "FN": 25652496.0,
        "IoU": 0.5296707563228286
    },
    "a_w_t": {
        "TP": 1446181.0,
        "FP": 693375.0,
        "FN": 3768359.0,
        "IoU": 0.24478703569702678
    },
    "a_w_tl": {
        "TP": 551111.0,
        "FP": 227098.0,
        "FN": 1523826.0,
        "IoU": 0.239401659835754
    },
    "a_w_tr": {
        "TP": 1438444.0,
        "FP": 815364.0,
        "FN": 3814874.0,
        "IoU": 0.23702741386020887
    },
    "a_w_l": {
        "TP": 2977514.0,
        "FP": 2070784.0,
        "FN": 4947994.0,
        "IoU": 0.29786184717293174
    },
    "a_w_r": {
        "TP": 108388.0,
        "FP": 49549.0,
        "FN": 875724.0,
        "IoU": 0.10485836265468079
    },
    "a_w_lr": {
        "TP": 0.0,
        "FP": 0.0,
        "FN": 31471.0,
        "IoU": 0.0
    },
    "b_n_sr": {
        "TP": 4705.0,
        "FP": 6331.0,
        "FN": 70728.0,
        "IoU": 0.05754366224744386
    },
    "r_wy_np": {
        "TP": 1197441.0,
        "FP": 1422750.0,
        "FN": 1599173.0,
        "IoU": 0.28379656270471093
    },
    "om_n_n": {
        "TP": 516859.0,
        "FP": 188407.0,
        "FN": 1027925.0,
        "IoU": 0.2982123724390445
    }
}