{
    "void": {
        "TP": 156606085038.0,
        "FP": 885613986.0,
        "FN": 529941567.0,
        "IoU": 0.9910420145765743
    },
    "s_w_d": {
        "TP": 430387251.0,
        "FP": 110960007.0,
        "FN": 149036712.0,
        "IoU": 0.6234027290639439
    },
    "s_y_d": {
        "TP": 126714895.0,
        "FP": 68398190.0,
        "FN": 28897174.0,
        "IoU": 0.5656655885568169
    },
    "ds_y_dn": {
        "TP": 157604852.0,
        "FP": 40724516.0,
        "FN": 84848555.0,
        "IoU": 0.5565576946476862
    },
    "b_w_g": {
        "TP": 129286726.0,
        "FP": 37147669.0,
        "FN": 98524293.0,
        "IoU": 0.48795050645782184
    },
    "b_y_g": {
        "TP": 1285383.0,
        "FP": 560212.0,
        "FN": 436633.0,
        "IoU": 0.5632141048133665
    },
    "s_w_s": {
        "TP": 102608291.0,
        "FP": 79153835.0,
        "FN": 44369674.0,
        "IoU": 0.45375436360564947
    },
    "s_w_p": {
        "TP": 9903302.0,
        "FP": 2849571.0,
        "FN": 16337142.0,
        "IoU": 0.34043646935211275
    },
    "c_wy_z": {
        "TP": 652612307.0,
        "FP": 147525400.0,
        "FN": 259743995.0,
        "IoU": 0.6157407055603645
    },
    "a_w_t": {
        "TP": 97677713.0,
        "FP": 19762078.0,
        "FN": 49066145.0,
        "IoU": 0.5866320165306299
    },
    "a_w_tl": {
        "TP": 42728453.0,
        "FP": 15448403.0,
        "FN": 13239479.0,
        "IoU": 0.5983008369163721
    },
    "a_w_tr": {
        "TP": 138547198.0,
        "FP": 39477942.0,
        "FN": 37825541.0,
        "IoU": 0.6418659295311651
    },
    "a_w_l": {
        "TP": 160182950.0,
        "FP": 25622782.0,
        "FN": 45469427.0,
        "IoU": 0.6926076743071227
    },
    "a_w_r": {
        "TP": 21778474.0,
        "FP": 4118652.0,
        "FN": 19330796.0,
        "IoU": 0.48152718579465137
    },
    "a_w_lr": {
        "TP": 0.0,
        "FP": 0.0,
        "FN": 72081.0,
        "IoU": 0.0
    },
    "b_n_sr": {
        "TP": 921199.0,
        "FP": 630233.0,
        "FN": 3105279.0,
        "IoU": 0.19782181028627285
    },
    "r_wy_np": {
        "TP": 30278738.0,
        "FP": 8585056.0,
        "FN": 24448227.0,
        "IoU": 0.4782462717467193
    },
    "om_n_n": {
        "TP": 33274769.0,
        "FP": 12974029.0,
        "FN": 15286311.0,
        "IoU": 0.5407444553319959
    }
}