{
    "void": {
        "TP": 17835227900.0,
        "FP": 122272212.0,
        "FN": 56514490.0,
        "IoU": 0.9900751328368441
    },
    "s_w_d": {
        "TP": 35507194.0,
        "FP": 13871325.0,
        "FN": 29706076.0,
        "IoU": 0.4489773766939061
    },
    "s_y_d": {
        "TP": 3714446.0,
        "FP": 2015402.0,
        "FN": 7552070.0,
        "IoU": 0.27966186811272287
    },
    "ds_y_dn": {
        "TP": 2330532.0,
        "FP": 1592068.0,
        "FN": 11170598.0,
        "IoU": 0.1544094233707131
    },
    "b_w_g": {
        "TP": 11549097.0,
        "FP": 7838345.0,
        "FN": 13003919.0,
        "IoU": 0.35654867975445675
    },
    "b_y_g": {
        "TP": 811199.0,
        "FP": 424528.0,
        "FN": 597780.0,
        "IoU": 0.44243027160518067
    },
    "s_w_s": {
        "TP": 2423346.0,
        "FP": 2044707.0,
        "FN": 4602234.0,
        "IoU": 0.26717412580219346
    },
    "s_w_p": {
        "TP": 1211972.0,
        "FP": 2360731.0,
        "FN": 3577713.0,
        "IoU": 0.16949671179970507
    },
    "c_wy_z": {
        "TP": 37920061.0,
        "FP": 21419627.0,
        "FN": 36004651.0,
        "IoU": 0.39771696356298614
    },
    "a_w_t": {
        "TP": 1544013.0,
        "FP": 4427610.0,
        "FN": 3670527.0,
        "IoU": 0.16013160965137443
    },
    "a_w_tl": {
        "TP": 161584.0,
        "FP": 228743.0,
        "FN": 1913353.0,
        "IoU": 0.07014168634532573
    },
    "a_w_tr": {
        "TP": 1188839.0,
        "FP": 1669945.0,
        "FN": 4064479.0,
        "IoU": 0.1717165735289848
    },
    "a_w_l": {
        "TP": 2485417.0,
        "FP": 3908081.0,
        "FN": 5440091.0,
        "IoU": 0.21003070159019382
    },
    "a_w_r": {
        "TP": 66083.0,
        "FP": 161681.0,
        "FN": 918029.0,
        "IoU": 0.05767446650485734
    },
    "a_w_lr": {
        "TP": 0.0,
        "FP": 47472.0,
        "FN": 31471.0,
        "IoU": 0.0
    },
    "b_n_sr": {
        "TP": 0.0,
        "FP": 29459.0,
        "FN": 75433.0,
        "IoU": 0.0
    },
    "r_wy_np": {
        "TP": 1129675.0,
        "FP": 2262781.0,
        "FN": 1666939.0,
        "IoU": 0.2232826256894352
    },
    "om_n_n": {
        "TP": 408786.0,
        "FP": 267921.0,
        "FN": 1135998.0,
        "IoU": 0.225511597308994
    }
}