{
    "void": {
        "TP": 17820960006.0,
        "FP": 105020164.0,
        "FN": 70782384.0,
        "IoU": 0.9902314348220966
    },
    "c_wy_z": {
        "TP": 45073408.0,
        "FP": 21812801.0,
        "FN": 28851304.0,
        "IoU": 0.47080195199973496
    },
    "s_w_d": {
        "TP": 51554668.0,
        "FP": 22744343.0,
        "FN": 13658602.0,
        "IoU": 0.5861308218994074
    },
    "s_y_d": {
        "TP": 7808559.0,
        "FP": 2574610.0,
        "FN": 3457957.0,
        "IoU": 0.5641563410375716
    },
    "ds_y_dn": {
        "TP": 10005448.0,
        "FP": 6007967.0,
        "FN": 3495682.0,
        "IoU": 0.5128606413715612
    },
    "s_w_s": {
        "TP": 3831827.0,
        "FP": 2291159.0,
        "FN": 3193753.0,
        "IoU": 0.41128414137178254
    },
    "a_w_tr": {
        "TP": 4227842.0,
        "FP": 5345013.0,
        "FN": 1025476.0,
        "IoU": 0.39891582929425395
    },
    "a_w_l": {
        "TP": 5880552.0,
        "FP": 1658244.0,
        "FN": 2044956.0,
        "IoU": 0.613596011249039
    },
    "b_w_g": {
        "TP": 15302236.0,
        "FP": 8895724.0,
        "FN": 9250780.0,
        "IoU": 0.45748318172822056
    },
    "r_wy_np": {
        "TP": 84710.0,
        "FP": 628.0,
        "FN": 2711904.0,
        "IoU": 0.030283400578140898
    },
    "om_n_n": {
        "TP": 561805.0,
        "FP": 70356.0,
        "FN": 982979.0,
        "IoU": 0.34783672003665317
    },
    "b_y_g": {
        "TP": 934005.0,
        "FP": 251822.0,
        "FN": 474974.0,
        "IoU": 0.5623822480839065
    },
    "a_w_t": {
        "TP": 3147039.0,
        "FP": 2782648.0,
        "FN": 2067501.0,
        "IoU": 0.3935181966461211
    },
    "a_w_r": {
        "TP": 229796.0,
        "FP": 41288.0,
        "FN": 754316.0,
        "IoU": 0.2241037643846304
    },
    "b_n_sr": {
        "TP": 4828.0,
        "FP": 529.0,
        "FN": 70605.0,
        "IoU": 0.06355809483689213
    },
    "a_w_tl": {
        "TP": 453483.0,
        "FP": 54844.0,
        "FN": 1621454.0,
        "IoU": 0.2129247091602376
    },
    "s_w_p": {
        "TP": 876871.0,
        "FP": 152066.0,
        "FN": 3912814.0,
        "IoU": 0.17744135631277252
    },
    "a_w_lr": {
        "TP": 0.0,
        "FP": 0.0,
        "FN": 31471.0,
        "IoU": 0.0
    }
}