{
    "void": {
        "TP": 17813854705.0,
        "FP": 113529859.0,
        "FN": 77887685.0,
        "IoU": 0.9893688059056907
    },
    "s_w_d": {
        "TP": 47768336.0,
        "FP": 25267696.0,
        "FN": 17444934.0,
        "IoU": 0.5279379532707464
    },
    "b_w_g": {
        "TP": 13350354.0,
        "FP": 7169707.0,
        "FN": 11202662.0,
        "IoU": 0.42084514623791913
    },
    "s_w_s": {
        "TP": 3283028.0,
        "FP": 2208974.0,
        "FN": 3742552.0,
        "IoU": 0.35551559934567495
    },
    "c_wy_z": {
        "TP": 38534503.0,
        "FP": 23893375.0,
        "FN": 35390209.0,
        "IoU": 0.3939404682898777
    },
    "a_w_tr": {
        "TP": 4000645.0,
        "FP": 2942434.0,
        "FN": 1252673.0,
        "IoU": 0.4881364150598993
    },
    "a_w_l": {
        "TP": 5167777.0,
        "FP": 1379487.0,
        "FN": 2757731.0,
        "IoU": 0.5553766552265745
    },
    "s_y_d": {
        "TP": 8075496.0,
        "FP": 3408956.0,
        "FN": 3191020.0,
        "IoU": 0.5502716369190715
    },
    "ds_y_dn": {
        "TP": 10904620.0,
        "FP": 8236569.0,
        "FN": 2596510.0,
        "IoU": 0.5016455513529744
    },
    "s_w_p": {
        "TP": 1275513.0,
        "FP": 1068475.0,
        "FN": 3514172.0,
        "IoU": 0.21773270105289033
    },
    "a_w_t": {
        "TP": 3047653.0,
        "FP": 2093397.0,
        "FN": 2166887.0,
        "IoU": 0.41703328860114697
    },
    "a_w_tl": {
        "TP": 1204532.0,
        "FP": 268280.0,
        "FN": 870405.0,
        "IoU": 0.5140505552836122
    },
    "a_w_lr": {
        "TP": 0.0,
        "FP": 0.0,
        "FN": 31471.0,
        "IoU": 0.0
    },
    "r_wy_np": {
        "TP": 1030024.0,
        "FP": 641651.0,
        "FN": 1766590.0,
        "IoU": 0.2995766760270078
    },
    "om_n_n": {
        "TP": 538635.0,
        "FP": 194082.0,
        "FN": 1006149.0,
        "IoU": 0.30976222434621187
    },
    "b_y_g": {
        "TP": 904223.0,
        "FP": 215617.0,
        "FN": 504756.0,
        "IoU": 0.5565832982476874
    },
    "b_n_sr": {
        "TP": 3152.0,
        "FP": 3839.0,
        "FN": 72281.0,
        "IoU": 0.03976183267736401
    },
    "a_w_r": {
        "TP": 242099.0,
        "FP": 59232.0,
        "FN": 742013.0,
        "IoU": 0.23204139765983223
    }
}